player,squad,misplaced_passes,shots,sca,sca90,gca,gca90,touches,miscontrols,dispossessed,failed_take_ons
Aaron Connolly,Millwall,44,13,11,1.5,0,0.0,240,18,24,21
Aaron Connolly,Sunderland,8,3,1,0.37,1,0.37,41,4,6,2
Aaron Ramsey,Burnley,3,0,0,0.0,0,0.0,7,0,0,0
Aaron Ramsey,Cardiff City,81,10,15,2.42,1,0.16,429,9,10,4
Abdoulaye Kamara,Portsmouth,6,0,4,2.93,0,0.0,102,5,1,1
Abdülkadir Ömür,Hull City,100,8,31,2.62,2,0.17,527,18,14,18
Abu Kamara,Hull City,202,36,73,2.91,5,0.2,962,51,25,31
Abu Kamara,Norwich City,1,0,1,5.29,0,0.0,12,0,1,0
Adam Armstrong,West Brom,43,24,17,1.52,1,0.09,278,16,12,9
Adam Davies,Sheffield Utd,24,0,0,0.0,0,0.0,100,0,0,0
Adam Forshaw,Blackburn,52,6,7,1.12,0,0.0,370,7,1,2
Adam Forshaw,Plymouth Argyle,56,7,9,1.19,0,0.0,400,7,8,2
Adam Idah,Norwich City,3,0,1,3.0,0,0.0,11,1,0,0
Adam Randell,Plymouth Argyle,443,30,84,2.24,6,0.16,2114,37,27,20
Adil Aouchiche,Portsmouth,78,14,22,2.9,2,0.26,341,28,11,6
Adil Aouchiche,Sunderland,52,14,13,3.94,1,0.3,192,13,4,4
Aidan Morris,Middlesbrough,191,30,80,2.47,5,0.15,2618,40,35,20
Aidomo Emakhu,Millwall,58,16,27,3.49,3,0.39,303,31,10,21
Ajibola Alese,Sunderland,71,3,7,0.9,0,0.0,432,5,4,2
Akin Famewo,Sheffield Weds,96,4,7,0.67,1,0.1,590,4,2,1
Alan Browne,Sunderland,112,10,26,1.93,2,0.15,648,24,16,16
Alex Matos,Oxford United,54,2,12,1.16,0,0.0,390,23,18,8
Alex Mowatt,West Brom,348,29,114,3.06,6,0.16,2957,25,13,15
Alex Palmer,West Brom,355,0,2,0.07,0,0.0,1292,0,0,0
Alexander Gilbert,Middlesbrough,17,1,4,4.68,0,0.0,79,4,0,1
Alexander Robertson,Cardiff City,303,18,88,3.29,3,0.11,1625,46,15,22
Alfie Doughty,Luton Town,432,16,111,4.9,7,0.31,1463,38,21,24
Alfie Gilchrist,Sheffield Utd,225,9,43,1.84,2,0.09,1441,22,16,22
Alfie Jones,Hull City,360,8,30,0.8,1,0.03,2777,19,7,7
Alfie Lloyd,QPR,50,18,17,2.05,0,0.0,340,58,25,34
Ali Al Hamadi,Stoke City,52,19,17,1.85,1,0.11,274,30,10,17
Alistair McCann,Preston,200,17,39,1.45,2,0.07,1309,24,16,13
Amankwah Forson,Norwich City,58,16,18,2.23,3,0.37,347,17,21,11
Amari'i Bell,Luton Town,310,4,39,1.3,2,0.07,1516,27,13,12
Amario Cozier-Duberry,Blackburn,50,16,22,2.75,0,0.0,355,21,26,14
Amin Nabizada,Watford,1,0,0,0.0,0,0.0,11,0,0,0
Anass Zaroury,Burnley,5,0,0,0.0,0,0.0,11,0,0,0
Andre Brooks,Sheffield Utd,58,21,30,2.84,2,0.19,483,31,14,31
Andre Dozzell,Portsmouth,235,16,41,1.31,6,0.19,1223,18,12,5
Andre Gray,Plymouth Argyle,41,7,10,1.63,1,0.16,131,10,2,4
Andreas Hountondji,Burnley,6,8,2,0.86,0,0.0,65,9,5,3
Andreas Weimann,Blackburn,85,33,29,1.85,3,0.19,484,16,8,3
Andrew Hughes,Preston,493,9,43,1.2,5,0.14,2479,40,15,10
Andrew Moran,Stoke City,213,28,76,2.9,4,0.15,1181,42,37,36
Andros Townsend,Luton Town,4,0,1,8.18,0,0.0,11,0,1,1
André Vidigal,Stoke City,16,7,2,1.73,0,0.0,70,5,0,7
Andy Rinomhota,Cardiff City,247,6,32,1.37,3,0.13,1181,32,13,16
Anel Ahmedhodžić,Sheffield Utd,184,12,23,0.66,0,0.0,2162,22,12,7
Anfernee Dijksteel,Middlesbrough,267,3,45,1.6,3,0.11,2174,44,28,33
Angelo Ogbonna,Watford,25,0,0,0.0,0,0.0,271,2,0,0
Angus Gunn,Norwich City,264,0,3,0.09,1,0.03,1440,0,0,0
Anis Ben Slimane,Norwich City,184,19,52,2.24,7,0.3,1432,43,27,18
Anis Ben Slimane,Sheffield Utd,5,0,2,4.0,0,0.0,33,0,0,2
Anis Mehmeti,Bristol City,209,82,84,2.95,3,0.11,1074,52,47,72
Ante Crnac,Norwich City,136,33,58,2.09,8,0.29,812,61,35,36
Anthony Musaba,Sheffield Weds,108,32,40,2.71,7,0.47,518,33,29,49
Anthony Patterson,Sunderland,416,1,9,0.21,1,0.02,1575,0,0,0
Anwar El Ghazi,Cardiff City,114,37,35,2.68,2,0.15,507,40,12,26
Ao Tanaka,Leeds United,288,43,96,2.61,10,0.27,3028,34,26,17
Arnór Sigurðsson,Blackburn,3,2,4,5.81,1,1.45,31,0,2,0
Ashley Barnes,Burnley,15,3,0,0.0,0,0.0,54,7,1,2
Ashley Barnes,Norwich City,10,4,5,2.6,1,0.52,52,5,8,0
Ashley Phillips,Stoke City,240,12,8,0.23,1,0.03,1884,8,5,2
Augustus Kargbo,Blackburn,12,4,8,3.87,1,0.48,79,13,3,10
Auston Trusty,Sheffield Utd,1,0,0,0.0,0,0.0,52,0,0,0
Aynsley Pears,Blackburn,467,0,2,0.05,1,0.02,1357,0,0,0
Azeem Abdulai,Swansea City,41,2,4,1.03,0,0.0,196,17,4,3
Bachir Belloumi,Hull City,126,25,39,4.31,5,0.55,457,18,9,16
Bae Junho,Stoke City,272,40,108,2.98,10,0.28,1584,89,60,59
Bali Mumba,Plymouth Argyle,308,22,58,1.54,6,0.16,1856,67,36,39
Balázs Tóth,Blackburn,95,0,0,0.0,0,0.0,204,0,0,0
Barry Bannan,Sheffield Weds,495,48,149,3.87,10,0.26,2555,34,29,13
Bashir Humphreys,Burnley,180,11,25,1.27,3,0.15,1397,33,11,20
Ben Brereton,Sheffield Utd,85,22,29,2.64,4,0.36,403,22,10,8
Ben Cabango,Swansea City,462,23,36,0.8,3,0.07,3856,26,6,4
Ben Gannon-Doak,Middlesbrough,142,27,82,4.15,11,0.56,923,38,27,65
Ben Gibson,Stoke City,238,8,14,0.65,1,0.05,1648,5,2,0
Ben Killip,Portsmouth,36,0,1,0.5,0,0.0,97,0,0,0
Ben Lloyd,Swansea City,2,0,0,0.0,0,0.0,10,1,0,0
Ben Osborn,Derby County,248,6,61,3.23,3,0.16,1039,27,16,4
Ben Pearson,Stoke City,47,1,10,1.58,1,0.16,292,6,1,1
Ben Sheaf,Coventry City,216,32,73,3.08,7,0.3,1692,29,30,20
Ben Stevenson,Portsmouth,0,0,0,0.0,0,0.0,11,0,0,0
Ben Waine,Plymouth Argyle,3,0,0,0.0,0,0.0,5,2,0,0
Ben Whiteman,Preston,304,25,65,2.34,8,0.29,1587,11,3,2
Ben Wilmot,Stoke City,418,22,36,1.0,0,0.0,2413,17,9,8
Ben Wilson,Coventry City,60,0,0,0.0,0,0.0,149,0,0,0
Benjamin Chrisene,Norwich City,105,3,21,1.64,1,0.08,807,25,11,18
Benjamin Nelson,Oxford United,145,4,7,0.46,1,0.07,812,4,3,2
Benson Manuel,Burnley,5,4,4,8.0,0,0.0,43,1,1,1
Billy Blacker,Sheffield Utd,1,0,0,0.0,0,0.0,3,0,0,0
Billy Mitchell,Millwall,86,4,17,1.72,1,0.1,553,17,7,4
Bobby Thomas,Coventry City,420,44,34,0.92,5,0.13,2735,22,6,4
Borja Sainz,Norwich City,254,118,128,3.19,13,0.32,1657,114,91,116
Brad Hills,Norwich City,2,0,0,0.0,0,0.0,27,0,0,0
Brad Potts,Preston,248,29,56,2.45,4,0.18,1245,42,21,25
Bradley Collins,Coventry City,161,1,6,0.41,1,0.07,536,1,0,0
Brandon Thomas-Asante,Coventry City,90,46,40,2.48,6,0.37,444,43,26,19
Brendan Galloway,Plymouth Argyle,106,2,12,1.1,1,0.09,622,11,1,2
Brenden Aaronson,Leeds United,265,86,145,3.67,13,0.33,1777,103,112,59
CJ Egan-Riley,Burnley,393,15,41,1.02,3,0.07,3243,13,8,6
Caleb Roberts,Plymouth Argyle,15,3,2,0.94,0,0.0,75,2,4,2
Caleb Wiley,Watford,82,3,13,1.62,1,0.12,495,12,8,7
Callum Brittain,Blackburn,352,18,80,2.71,9,0.3,1910,27,19,29
Callum Doyle,Norwich City,497,21,61,1.6,11,0.29,3686,33,10,17
Callum Elder,Derby County,349,9,52,2.18,8,0.33,1360,37,14,21
Callum Lang,Portsmouth,143,66,62,2.29,9,0.33,777,93,54,72
Callum O'Dowda,Cardiff City,593,26,95,2.41,9,0.23,2133,51,19,32
Callum O'Hare,Sheffield Utd,218,40,98,2.81,11,0.32,1445,90,68,45
Callum Paterson,Sheffield Weds,138,26,26,1.97,4,0.3,459,40,13,5
Callum Robinson,Cardiff City,130,58,51,2.27,7,0.31,667,45,27,14
Callum Styles,West Brom,321,24,47,1.62,4,0.14,1963,35,22,25
Callum Wright,Plymouth Argyle,135,22,30,1.85,0,0.0,573,35,16,31
Calum Chambers,Cardiff City,403,30,46,1.18,5,0.13,2551,36,20,10
Calum Scanlon,Millwall,12,3,0,0.0,0,0.0,83,3,7,7
Cameron Brannagan,Oxford United,249,48,68,2.11,11,0.34,1605,17,10,6
Cameron Pring,Bristol City,404,7,52,2.1,8,0.32,1745,40,17,18
Camiel Neghli,Millwall,33,7,9,4.2,1,0.47,115,5,7,2
Carl Rushworth,Hull City,16,0,0,0.0,0,0.0,67,0,0,0
Carlton Morris,Luton Town,376,62,72,2.08,4,0.12,1296,101,59,17
Casper de Norre,Millwall,287,30,62,1.55,6,0.15,1906,43,31,6
Cauley Woodrow,Blackburn,23,3,5,2.03,1,0.41,131,7,6,5
Cauley Woodrow,Luton Town,43,7,4,1.33,0,0.0,164,5,5,6
Charlie Crew,Leeds United,1,1,0,0.0,0,0.0,7,0,0,0
Charlie Hughes,Hull City,232,16,30,1.15,2,0.08,1849,13,7,6
Charlie McNeill,Sheffield Weds,6,1,0,0.0,0,0.0,33,1,0,1
Ched Evans,Preston,10,7,3,2.65,1,0.88,66,5,5,2
Chiedozie Ogbene,Luton Town,23,0,6,2.2,0,0.0,117,3,1,7
Chris Bedia,Hull City,14,19,16,1.57,0,0.0,191,21,12,12
Chris Mepham,Sunderland,267,14,35,0.96,3,0.08,2443,14,6,1
Chris Rigg,Sunderland,271,48,82,2.42,8,0.24,1464,70,36,49
Chris Willock,Cardiff City,130,28,56,3.25,3,0.17,758,35,28,37
Christ Makosso,Luton Town,175,7,15,1.41,1,0.09,510,12,2,2
Christian Fassnacht,Norwich City,8,3,0,0.0,0,0.0,39,2,0,1
Christian Saydee,Portsmouth,72,20,25,1.95,2,0.16,376,33,29,23
Cian Ashford,Cardiff City,98,21,31,1.83,5,0.3,538,38,19,20
Ciaron Brown,Oxford United,475,23,24,0.6,3,0.07,2458,21,5,6
Cody Drameh,Hull City,224,13,31,1.69,3,0.16,1505,34,14,20
Cohen Bramall,Portsmouth,73,4,10,1.97,1,0.2,277,9,3,6
Colby Bishop,Portsmouth,352,62,62,2.12,10,0.34,1023,74,20,14
Connor Ogilvie,Portsmouth,652,39,72,1.61,3,0.07,2356,27,7,14
Connor Roberts,Burnley,452,26,77,1.91,10,0.25,2873,20,5,9
Conor Hazard,Plymouth Argyle,472,0,6,0.24,1,0.04,982,0,0,0
Conor Shaughnessy,Portsmouth,70,7,4,0.7,0,0.0,358,4,0,1
Corey Blackett-Taylor,Derby County,34,11,14,3.12,1,0.22,157,11,13,13
Craig Forsyth,Derby County,403,18,28,0.99,4,0.14,1652,21,7,5
Curtis Nelson,Derby County,199,18,17,0.63,2,0.07,1308,12,8,0
Cyrus Christie,Swansea City,48,0,0,0.0,0,0.0,272,2,4,0
Dael Fry,Middlesbrough,107,4,8,0.51,0,0.0,1300,5,1,0
Daiki Hashioka,Luton Town,180,7,7,0.52,0,0.0,683,14,5,10
Dajaune Brown,Derby County,19,7,7,1.64,1,0.23,110,17,6,3
Dan McNamara,Millwall,69,1,6,0.79,0,0.0,353,6,4,6
Dan Neil,Sunderland,329,24,89,2.07,8,0.19,2379,58,45,43
Dane Scarlett,Oxford United,41,12,10,1.14,1,0.11,218,38,18,15
Daniel Bachmann,Watford,241,0,3,0.14,1,0.05,744,0,0,1
Daniel Ballard,Sunderland,94,14,14,1.12,1,0.08,913,13,3,2
Daniel Barlaser,Middlesbrough,159,8,43,3.35,2,0.16,1126,6,8,5
Daniel Bennie,QPR,28,3,4,1.67,0,0.0,95,3,4,0
Daniel Grimshaw,Plymouth Argyle,379,0,6,0.29,0,0.0,1135,2,0,0
Daniel James,Leeds United,343,99,95,3.28,15,0.52,1110,37,37,43
Daniel Jebbison,Watford,18,9,9,2.1,0,0.0,89,13,8,4
Daniel Johnson,Stoke City,0,0,0,0.0,0,0.0,3,0,0,0
Daniel Kelly,Millwall,1,0,0,0.0,0,0.0,7,1,1,1
Danny Batth,Blackburn,312,17,19,0.57,1,0.03,1969,10,6,2
Dara O'Shea,Burnley,14,4,5,2.5,1,0.5,128,1,0,0
Darko Gyabi,Plymouth Argyle,171,33,63,2.0,4,0.13,1266,55,35,43
Darnell Furlong,West Brom,574,40,101,2.45,17,0.41,2603,43,14,22
Daryl Dike,West Brom,18,7,9,3.57,1,0.4,80,10,3,3
David Cornell,Preston,113,0,1,0.11,0,0.0,357,1,0,0
David Ozoh,Derby County,25,6,9,1.16,2,0.26,323,11,16,5
David Turnbull,Cardiff City,101,19,44,4.79,2,0.22,721,7,7,4
Delano Burgzorg,Middlesbrough,104,68,67,2.76,8,0.33,804,52,29,45
Dennis Cirkin,Sunderland,317,39,57,1.87,6,0.2,1836,49,28,34
Devante Cole,West Brom,16,3,2,1.13,0,0.0,73,10,0,1
Di'Shon Bernard,Sheffield Weds,156,17,17,0.68,1,0.04,1420,11,6,1
Dimitris Goutas,Cardiff City,252,23,17,0.52,2,0.06,1843,15,2,5
Dion Sanderson,Blackburn,43,0,1,0.16,0,0.0,376,5,1,3
Djeidi Gassama,Sheffield Weds,201,71,100,3.03,7,0.21,1241,97,71,95
Dominic Hyam,Blackburn,425,20,29,0.63,3,0.07,2966,22,2,2
Dominic Iorfa,Sheffield Weds,111,10,8,0.5,1,0.06,759,8,8,4
Duane Holmes,Preston,101,6,29,3.13,1,0.11,441,14,12,13
Duncan Watmore,Millwall,96,26,45,2.57,3,0.17,526,47,43,31
Dylan Lawlor,Cardiff City,5,0,1,1.55,0,0.0,37,0,0,0
Ebou Adams,Derby County,382,52,58,1.38,4,0.1,1855,71,41,23
Edo Kayembe,Watford,232,63,77,2.17,5,0.14,1603,77,58,26
Egil Selvik,Watford,208,0,2,0.12,0,0.0,650,1,0,0
Eiran Cashin,Derby County,229,16,17,0.86,1,0.05,1365,16,6,4
Elias Sørensen,Portsmouth,25,5,6,1.68,0,0.0,111,12,3,4
Eliezer Mayenda,Sunderland,83,56,64,2.67,8,0.33,556,66,40,62
Elijah Adebayo,Luton Town,94,69,53,1.97,5,0.19,715,88,49,59
Elijah Dixon-Bonner,QPR,3,0,0,0.0,0,0.0,11,0,0,0
Elijah Morrison,Bristol City,5,1,0,0.0,0,0.0,33,0,0,1
Eliot Matazo,Hull City,24,4,14,4.2,0,0.0,162,3,2,4
Elliot Myles,Norwich City,4,0,0,0.0,0,0.0,18,1,0,0
Elliott Moore,Oxford United,120,10,5,0.22,2,0.09,1288,1,0,1
Ellis Simms,Coventry City,135,61,43,1.69,5,0.2,563,71,27,11
Emil Riis Jakobsen,Preston,179,70,58,1.92,7,0.23,810,98,46,36
Emiliano Marcondes,Norwich City,272,39,74,2.92,8,0.32,1420,46,25,12
Emmanouil Siopis,Cardiff City,94,10,21,1.31,1,0.06,769,17,20,3
Emmanuel Dennis,Blackburn,8,3,5,2.83,1,0.57,93,10,9,8
Emmanuel Latte Lath,Middlesbrough,69,53,53,2.7,7,0.36,482,40,20,26
Emmerson Sutton,QPR,3,1,0,0.0,0,0.0,18,0,0,1
Emre Tezgel,Stoke City,18,6,6,1.81,0,0.0,100,9,2,3
Enda Stevens,Stoke City,156,7,32,2.41,8,0.6,843,10,5,11
Enock Agyei,Burnley,7,2,1,1.55,0,0.0,44,2,1,3
Enzo Le Fée,Sunderland,136,19,42,3.78,3,0.27,772,30,16,29
Eom Jisung,Swansea City,216,58,77,3.03,5,0.2,1107,36,26,48
Ephron Mason-Clark,Coventry City,107,39,57,3.15,10,0.55,592,32,32,21
Eric Bocat,Stoke City,291,17,31,1.37,4,0.18,1415,28,15,33
Erik Pieters,Derby County,0,0,0,0.0,0,0.0,0,0,0,0
Ethan Ampadu,Leeds United,242,11,44,1.73,4,0.16,2485,20,11,3
Ethan Horvath,Cardiff City,215,0,1,0.06,0,0.0,554,0,0,0
Fabio Tavares,Coventry City,0,0,0,0.0,0,0.0,0,0,0,0
Fally Mayulu,Bristol City,27,17,6,1.34,1,0.22,144,19,11,3
Femi Azeez,Millwall,241,53,66,3.12,9,0.43,901,51,41,39
Femi Seriki,Sheffield Utd,117,8,31,2.56,1,0.08,761,31,10,25
Festy Ebosele,Watford,105,7,34,4.04,2,0.24,469,16,10,26
Finley Burns,Hull City,22,0,1,0.29,0,0.0,161,2,0,0
Finn Azaz,Middlesbrough,512,123,180,4.57,20,0.51,2025,84,71,45
Florian Bianchini,Swansea City,69,18,14,1.14,0,0.0,367,33,15,8
Francisco Sierralta,Watford,151,9,18,0.85,1,0.05,1472,7,4,3
Freddie Potts,Portsmouth,350,21,79,2.33,8,0.24,1664,47,18,17
Freddie Woodman,Preston,433,0,4,0.11,0,0.0,1551,1,0,0
Frederick Issaka,Plymouth Argyle,42,8,6,0.91,1,0.15,215,25,16,28
Gabriel Forsyth,Norwich City,21,4,3,1.65,0,0.0,118,5,1,4
Gabriel Otegbayo,Sheffield Weds,17,3,0,0.0,0,0.0,211,3,3,1
Gatlin O'Donkor,Oxford United,1,0,0,0.0,0,0.0,4,0,1,1
George Earthy,Bristol City,105,24,32,1.98,6,0.37,779,32,18,20
George Edmundson,Middlesbrough,155,11,13,0.56,2,0.09,1718,9,2,3
George Evans,Millwall,53,0,0,0.0,0,0.0,123,0,0,0
George Honeyman,Millwall,276,20,90,3.34,7,0.26,1084,43,34,24
George Long,Norwich City,60,0,0,0.0,0,0.0,334,0,0,0
George McCormick,Middlesbrough,0,0,0,0.0,0,0.0,1,0,0,0
George Saville,Millwall,406,36,106,2.89,7,0.19,1775,37,30,25
George Tanner,Bristol City,261,11,33,1.48,0,0.0,1527,22,9,7
Georginio Rutter,Leeds United,11,2,7,7.0,1,1.0,43,4,4,7
Gianluca Frabotta,West Brom,15,1,1,1.38,0,0.0,55,1,0,0
Giorgi Chakvetadze,Watford,342,65,178,4.88,13,0.36,1921,77,78,67
Gonçalo Franco,Swansea City,301,43,75,2.15,10,0.29,1947,63,44,42
Grady Diangana,West Brom,123,25,47,2.83,7,0.42,830,61,41,34
Grant Hanley,Norwich City,2,1,0,0.0,0,0.0,50,1,0,0
Greg Leigh,Oxford United,363,18,38,1.47,5,0.19,1427,25,8,15
Gustavo Hamer,Sheffield Utd,512,91,155,4.46,19,0.55,1962,71,25,59
Gustavo Puerta,Hull City,245,21,67,3.19,5,0.24,1069,46,43,24
Haji Wright,Coventry City,131,62,43,1.99,7,0.32,673,60,34,39
Hamza Choudhury,Sheffield Utd,119,5,8,0.65,0,0.0,754,9,3,2
Han-Noah Massengo,Burnley,8,1,1,0.93,1,0.93,70,0,0,1
Hannes Delcroix,Swansea City,86,2,8,0.81,1,0.1,715,6,3,1
Hannibal Mejbri,Burnley,163,33,66,3.09,9,0.42,1110,53,47,27
Harrison Armstrong,Derby County,110,9,12,0.98,0,0.0,466,15,7,7
Harrison Ashby,QPR,183,13,22,1.25,1,0.06,924,36,10,24
Harrison Burrows,Sheffield Utd,568,49,109,2.84,5,0.13,2358,33,23,22
Harrison Jones,Sunderland,10,1,6,4.09,0,0.0,71,3,1,0
Harry Clarke,Sheffield Utd,58,2,12,2.29,0,0.0,305,7,1,1
Harry Cornick,Bristol City,8,1,0,0.0,0,0.0,18,1,1,1
Harry Darling,Swansea City,304,39,40,1.08,7,0.19,2819,14,15,11
Harry Gray,Leeds United,0,0,0,0.0,0,0.0,0,0,0,0
Harry Leonard,Blackburn,17,7,6,3.65,0,0.0,65,5,2,1
Harry Pickering,Blackburn,124,3,15,1.3,1,0.09,701,14,3,5
Harry Souttar,Sheffield Utd,176,9,10,0.51,2,0.1,1430,9,1,0
Harry Vaughan,Hull City,4,3,7,6.06,0,0.0,40,1,1,3
Harry Whitwell,West Brom,1,0,0,0.0,0,0.0,13,1,0,0
Harvey Blair,Portsmouth,11,4,3,0.92,0,0.0,91,17,6,12
Hayden Carter,Blackburn,162,9,18,1.19,2,0.13,1008,10,5,5
Hayden Hackney,Middlesbrough,510,80,165,3.92,15,0.36,3627,58,49,57
Hayden Matthews,Portsmouth,36,0,2,0.57,0,0.0,146,2,0,1
Haydon Roberts,Bristol City,257,7,41,2.26,4,0.22,1028,29,19,10
Hevertton Santos,QPR,43,2,9,2.54,0,0.0,239,3,2,2
Hidde ter Avest,Oxford United,143,5,11,0.99,1,0.09,583,12,5,3
Ian Poveda,Sunderland,9,2,4,4.19,0,0.0,53,4,5,3
Ibrahim Cissoko,Plymouth Argyle,60,19,30,4.08,2,0.27,325,19,14,28
Ibrahim Cissoko,Sheffield Weds,3,0,0,0.0,0,0.0,36,4,2,3
Idris El Mizouni,Oxford United,90,18,32,2.32,4,0.29,738,16,11,14
Igor Tyjon,Blackburn,3,0,0,0.0,0,0.0,7,0,0,0
Ike Ugbo,Sheffield Weds,40,21,33,2.32,0,0.0,334,36,26,17
Ilia Gruev,Leeds United,188,20,60,3.18,2,0.11,1565,8,7,6
Ilias Chair,QPR,225,44,78,4.14,9,0.48,1007,31,30,19
Illan Meslier,Leeds United,274,0,8,0.21,0,0.0,1380,1,0,0
Imran Louza,Watford,342,37,89,2.99,7,0.24,2506,44,41,20
Isaac Hayden,Portsmouth,94,7,9,0.86,4,0.38,469,15,8,4
Isaac Price,West Brom,150,16,39,3.34,4,0.34,694,24,8,13
Isaac Schmidt,Leeds United,13,2,6,6.92,1,1.15,80,6,2,1
Isaak Davies,Cardiff City,26,7,4,1.25,0,0.0,105,9,6,10
Isaiah Jones,Luton Town,123,11,27,1.86,0,0.0,608,35,20,45
Isaiah Jones,Middlesbrough,84,15,30,3.39,2,0.23,406,18,7,12
Ivor Pandur,Hull City,374,0,8,0.18,0,0.0,2139,0,0,0
Jack Clarke,Sunderland,16,2,10,5.03,2,1.01,86,4,4,1
Jack Colback,QPR,86,8,20,1.24,2,0.12,794,17,9,4
Jack Robinson,Sheffield Utd,339,14,29,0.92,2,0.06,2274,16,3,5
Jack Rudoni,Coventry City,520,77,149,3.83,14,0.36,2333,97,77,62
Jack Stacey,Norwich City,238,12,39,1.64,7,0.29,1329,31,19,19
Jack Whatmough,Preston,126,5,9,0.72,2,0.16,821,7,1,0
Jacob Brown,Luton Town,80,34,21,1.55,3,0.22,386,36,24,19
Jacob Farrell,Portsmouth,12,1,1,1.0,0,0.0,53,1,0,0
Jacob Widell Zetterström,Derby County,575,0,7,0.17,0,0.0,1351,1,0,1
Jacob Wright,Norwich City,151,7,30,3.04,5,0.51,882,11,12,1
Jaden Dixon,Stoke City,0,0,0,0.0,0,0.0,8,0,0,0
Jaidon Anthony,Burnley,475,97,175,4.3,19,0.47,2192,98,57,91
Jak Alnwick,Cardiff City,337,0,5,0.17,0,0.0,989,0,0,0
Jake Bidwell,Coventry City,304,11,40,1.75,5,0.22,1292,16,6,3
Jake Clarke-Salter,QPR,65,3,9,1.08,2,0.24,489,4,0,0
Jake Cooper,Millwall,345,43,25,0.7,4,0.11,1792,20,2,4
Jakob Sørensen,Norwich City,145,7,21,1.43,0,0.0,1157,9,6,4
Jamal Baptiste,Sheffield Utd,1,0,0,0.0,0,0.0,4,0,0,0
Jamal Lowe,Sheffield Weds,43,22,21,1.97,4,0.37,312,34,14,12
James Abankwah,Watford,145,4,16,1.04,1,0.07,1123,11,9,12
James Beadle,Sheffield Weds,406,0,6,0.16,0,0.0,1454,2,0,0
James Collins,Derby County,24,3,2,0.8,0,0.0,102,6,0,3
James Debayo,Leeds United,0,0,0,0.0,0,0.0,0,0,0,0
James Morris,Watford,134,2,12,0.99,1,0.08,840,7,3,2
James Shea,Luton Town,33,0,0,0.0,0,0.0,77,0,0,0
James Trafford,Burnley,466,0,7,0.16,1,0.02,1813,1,1,0
Jamie Allen,Coventry City,55,10,14,1.25,2,0.18,527,16,10,2
Jamie Cumming,Oxford United,655,0,9,0.2,3,0.07,1953,0,0,0
Jamie Paterson,Coventry City,18,2,1,1.14,0,0.0,72,4,3,2
Jamie Shackleton,Sheffield Utd,29,4,5,1.55,0,0.0,201,6,3,2
Jamilu Collins,Cardiff City,28,0,1,0.54,0,0.0,105,1,1,0
Japhet Tanganga,Millwall,310,44,27,0.68,1,0.03,1875,33,18,12
Jason Knight,Bristol City,493,49,144,3.13,9,0.2,3125,59,47,31
Jay Dasilva,Coventry City,218,5,36,1.79,3,0.15,1342,22,16,11
Jay Fulton,Swansea City,104,5,15,1.04,1,0.07,660,11,1,5
Jay Rodriguez,Burnley,50,12,11,1.33,0,0.0,242,13,4,6
Jayden Bogle,Leeds United,545,47,111,2.61,13,0.31,2818,61,31,53
Jayden Meghoma,Preston,65,2,9,1.06,3,0.35,353,14,4,16
Jayson Molumby,West Brom,201,31,72,2.4,6,0.2,1844,45,26,25
Jed Wallace,West Brom,77,14,25,2.79,2,0.22,386,18,12,18
Jenson Seelt,Sunderland,3,0,0,0.0,0,0.0,28,0,0,0
Jeppe Okkels,Preston,8,0,1,0.72,0,0.0,72,3,0,8
Jeremy Ngakia,Watford,250,17,45,2.15,0,0.0,1251,31,11,22
Jeremy Sarmiento,Burnley,76,27,37,2.85,5,0.39,573,49,17,27
Jerry Yates,Derby County,147,57,76,2.0,7,0.18,791,70,48,27
Jesper Daland,Cardiff City,92,2,8,0.5,0,0.0,722,10,3,0
Jesurun Rak Sakyi,Sheffield Utd,109,46,71,3.71,5,0.26,736,53,37,48
Jimmy Dunne,QPR,653,55,66,1.47,7,0.16,3060,47,20,20
Jobe Bellingham,Sunderland,228,52,106,2.72,6,0.15,2090,71,57,34
Joe Allen,Swansea City,57,6,26,3.28,5,0.63,454,5,11,4
Joe Anderson,Sunderland,21,0,3,2.73,0,0.0,90,0,0,0
Joe Bennett,Oxford United,79,1,3,0.36,0,0.0,467,7,1,3
Joe Bryan,Millwall,512,24,99,2.72,3,0.08,2261,32,21,16
Joe Edwards,Plymouth Argyle,126,7,13,1.03,2,0.16,763,16,8,6
Joe Gelhardt,Hull City,165,44,52,2.94,2,0.11,745,43,51,47
Joe Gelhardt,Leeds United,3,0,0,0.0,0,0.0,6,0,1,0
Joe Ralls,Cardiff City,165,15,49,3.84,3,0.24,779,13,8,4
Joe Rankin-Costello,Blackburn,174,21,27,1.95,2,0.14,753,22,13,12
Joe Rodon,Leeds United,291,21,56,1.22,2,0.04,4181,12,3,2
Joe Rothwell,Leeds United,271,13,110,4.4,7,0.28,1989,19,9,8
Joe Walsh,QPR,19,0,1,1.0,0,0.0,45,0,0,0
Joe Ward,Derby County,28,1,2,1.2,0,0.0,99,4,1,1
Joe Wildsmith,West Brom,137,0,3,0.3,0,0.0,391,0,0,0
Joe Williams,Bristol City,189,11,67,4.26,7,0.44,1192,15,11,7
Joe Worrall,Burnley,32,2,6,1.89,1,0.32,274,2,0,0
Joel Bagan,Cardiff City,201,2,16,0.89,1,0.06,975,6,6,9
John Buckley,Blackburn,136,9,16,1.68,1,0.11,700,12,2,7
John Egan,Burnley,9,0,1,0.55,0,0.0,98,1,0,0
John Egan,Hull City,60,5,6,0.74,0,0.0,409,3,1,0
John Swift,West Brom,235,34,81,4.19,3,0.16,1568,22,16,15
Jonathan Bond,Watford,64,0,2,0.23,1,0.11,289,0,0,0
Jonathan Varane,QPR,199,20,29,1.0,2,0.07,1439,28,28,21
Jonjo Shelvey,Burnley,3,0,1,7.5,0,0.0,16,0,0,1
Jonny Howson,Middlesbrough,158,6,27,1.74,0,0.0,1241,6,17,4
Jordan Archer,Portsmouth,22,0,0,0.0,0,0.0,64,0,0,0
Jordan Clark,Luton Town,383,40,97,2.7,9,0.25,1693,49,34,42
Jordan Houghton,Plymouth Argyle,143,7,16,0.94,1,0.06,599,19,8,3
Jordan Storey,Preston,371,19,28,0.82,4,0.12,1960,20,12,5
Jordan Thompson,Stoke City,123,7,16,1.06,2,0.13,778,9,8,5
Jordan Thorniley,Oxford United,7,1,0,0.0,0,0.0,35,0,0,0
Jordan Williams,Portsmouth,122,1,12,0.85,2,0.14,730,17,11,5
Joseph Hatch,Plymouth Argyle,0,0,0,0.0,0,0.0,0,0,0,0
Joseph Johnson,Luton Town,55,1,7,1.34,0,0.0,253,5,3,1
Joseph Taylor,Luton Town,11,5,6,3.44,0,0.0,45,2,1,5
Josh Bowler,Luton Town,12,3,5,3.0,1,0.6,86,3,2,11
Josh Bowler,Preston,40,11,16,3.16,1,0.2,251,20,8,17
Josh Brownhill,Burnley,354,63,109,2.82,14,0.36,2102,55,23,19
Josh Coburn,Middlesbrough,0,0,0,0.0,0,0.0,4,0,0,0
Josh Coburn,Millwall,91,27,24,1.77,5,0.37,348,44,14,7
Josh Cullen,Burnley,345,23,92,2.18,12,0.28,3151,35,30,12
Josh Eccles,Coventry City,260,42,87,3.35,5,0.19,1554,32,23,15
Josh Ginnelly,Swansea City,6,0,1,2.73,0,0.0,32,1,3,3
Josh Key,Swansea City,449,22,77,2.0,6,0.16,2901,75,45,57
Josh Laurent,Burnley,235,27,41,1.51,2,0.07,1399,36,37,41
Josh Laurent,Stoke City,18,0,8,2.67,1,0.33,155,5,1,4
Josh Maja,West Brom,115,48,50,2.18,6,0.26,649,44,17,13
Josh McEachran,Oxford United,36,1,13,2.3,2,0.35,319,1,5,4
Josh Murphy,Portsmouth,459,106,124,3.26,24,0.63,1439,86,57,80
Josh Sargent,Norwich City,89,62,56,2.02,11,0.4,686,66,33,21
Josh Tymon,Swansea City,520,23,129,2.95,7,0.16,2847,59,31,24
Josh Vickers,Derby County,94,0,1,0.17,0,0.0,185,0,0,0
Josh Wilson-Esbrand,Stoke City,46,3,7,2.34,1,0.33,204,5,5,8
Josh Windass,Sheffield Weds,302,107,105,2.93,12,0.34,1531,41,24,25
Joshua Griffiths,West Brom,57,0,1,0.17,1,0.17,218,0,0,0
Joshua Phillips,Luton Town,2,0,0,0.0,0,0.0,3,0,0,0
Joshua Thomas,Swansea City,0,0,0,0.0,0,0.0,0,0,0,0
Josuha Guilavogui,Leeds United,11,1,8,11.08,1,1.38,111,1,0,0
José Cordoba,Norwich City,194,12,21,0.9,0,0.0,2203,15,10,1
João Pedro,Hull City,100,35,32,1.34,3,0.13,543,62,17,29
Joël Latibeaudière,Coventry City,210,8,29,1.01,3,0.1,1950,17,6,1
Joël Piroe,Leeds United,185,101,83,2.43,13,0.38,1108,68,37,31
Julio Pleguezuelo,Plymouth Argyle,193,4,15,0.69,2,0.09,1121,12,3,0
Junior Firpo,Leeds United,355,28,96,3.3,17,0.59,2199,29,23,22
Junior Tchamadeu,Stoke City,416,17,54,1.55,4,0.11,1776,43,19,30
Jóhann Berg Guðmundsson,Burnley,5,1,0,0.0,0,0.0,11,0,0,0
Kaide Gordon,Norwich City,14,3,5,2.47,1,0.49,104,4,4,2
Kaide Gordon,Portsmouth,19,1,2,1.17,1,0.58,63,0,1,2
Kaine Kesler-Hayden,Preston,359,40,75,1.84,8,0.2,2040,92,37,69
Kal Naismith,Bristol City,25,0,4,1.26,0,0.0,218,3,0,0
Kal Naismith,Luton Town,79,3,11,2.14,2,0.39,312,4,1,3
Kane Wilson,Derby County,310,24,60,2.22,7,0.26,1329,80,43,77
Karamoko Dembélé,QPR,119,22,48,3.64,5,0.38,539,40,26,15
Karl Darlow,Leeds United,54,0,0,0.0,0,0.0,236,0,1,0
Karlan Grant,West Brom,296,82,93,2.86,6,0.18,1361,60,36,49
Kasey Palmer,Coventry City,10,3,3,5.0,1,1.67,39,1,1,1
Kasey Palmer,Hull City,104,22,33,2.73,3,0.25,585,20,13,14
Kayden Jackson,Derby County,239,42,42,1.47,5,0.17,912,52,21,32
Kelechi Iheanacho,Middlesbrough,62,24,33,3.89,5,0.59,339,26,12,7
Kellen Fisher,Norwich City,219,19,47,1.57,6,0.2,1940,23,27,15
Kemar Roofe,Derby County,1,0,0,0.0,0,0.0,7,2,0,1
Ken Sema,Watford,53,4,13,2.25,2,0.35,274,15,6,14
Kenneth Paal,QPR,345,16,76,2.37,9,0.28,2048,37,21,18
Kenny McLean,Norwich City,345,11,81,2.43,12,0.36,2765,32,12,9
Kenzo Goudmijn,Derby County,301,37,72,2.79,3,0.12,1268,36,30,31
Kevin Nisbet,Millwall,2,0,0,0.0,0,0.0,4,0,0,0
Kian Best,Preston,2,0,0,0.0,0,0.0,6,0,0,0
Kieffer Moore,Sheffield Utd,142,55,38,1.94,4,0.2,595,43,26,13
Kieran Morgan,QPR,190,17,30,1.7,3,0.17,832,26,15,12
Koki Saito,QPR,129,38,84,3.29,7,0.27,1001,56,38,59
Kornél Szűcs,Plymouth Argyle,291,11,36,1.14,7,0.22,1801,10,5,3
Kristi Montgomery,Blackburn,17,0,1,0.66,0,0.0,82,2,1,1
Kusini Yengi,Portsmouth,32,8,13,2.17,0,0.0,156,20,8,11
Kwadwo Baah,Watford,126,25,33,2.03,10,0.62,492,51,37,58
Kyle Bartley,West Brom,189,24,20,0.69,1,0.03,2022,16,0,0
Kyle Edwards,Oxford United,18,1,8,3.6,1,0.45,101,5,3,6
Kyle Joseph,Hull City,87,14,18,1.61,2,0.18,341,36,18,8
Kyle McFadzean,Blackburn,0,0,0,0.0,0,0.0,0,0,0,0
Kyle Naughton,Swansea City,90,0,9,0.97,0,0.0,767,12,3,3
Kévin Keben Biakolo,Watford,13,0,1,0.35,0,0.0,180,3,1,0
Lamine Fanne,Luton Town,40,7,9,1.39,0,0.0,215,11,8,10
Largie Ramazani,Leeds United,72,36,31,3.5,3,0.34,411,32,23,25
Lars-Jørgen Salvesen,Derby County,42,13,4,0.74,0,0.0,126,10,1,1
Lasse Nordås,Luton Town,22,8,7,2.47,2,0.71,102,15,3,4
Lawrence Vigouroux,Swansea City,719,0,6,0.13,0,0.0,2098,3,0,0
Lennon Wheeldon,Derby County,0,0,0,0.0,0,0.0,1,1,0,0
Leo Fuhr Hjelde,Sunderland,62,0,5,1.1,1,0.22,312,8,4,1
Leonard Duru,Blackburn,0,0,0,0.0,0,0.0,0,0,0,0
Lewie Coyle,Hull City,582,31,81,1.96,6,0.15,2999,37,20,23
Lewis Baker,Blackburn,42,12,10,1.51,0,0.0,301,10,3,2
Lewis Baker,Stoke City,143,25,38,2.32,3,0.18,725,17,4,8
Lewis Dobbin,Norwich City,41,13,16,2.25,1,0.14,276,18,11,21
Lewis Dobbin,West Brom,25,4,6,1.6,0,0.0,167,9,13,18
Lewis Gibson,Plymouth Argyle,148,9,19,1.06,3,0.17,1365,11,3,0
Lewis Gibson,Preston,202,13,13,0.72,0,0.0,1164,10,8,1
Lewis Koumas,Stoke City,125,45,50,1.84,4,0.15,706,78,38,63
Lewis O'Brien,Swansea City,169,22,31,1.97,0,0.0,834,24,22,10
Lewis Travis,Blackburn,271,16,52,1.46,4,0.11,2030,37,41,23
Liam Cullen,Swansea City,178,72,56,1.68,4,0.12,1077,55,29,19
Liam Gibbs,Norwich City,19,2,2,0.85,0,0.0,125,4,1,2
Liam Kitching,Coventry City,257,14,33,1.3,1,0.04,1641,14,5,5
Liam Lindsay,Preston,300,22,23,0.79,1,0.03,1829,17,10,3
Liam Millar,Hull City,79,18,27,3.92,6,0.87,379,11,9,25
Liam Morrison,QPR,110,8,6,0.42,0,0.0,878,5,1,0
Liam Palmer,Sheffield Weds,81,4,14,1.44,0,0.0,484,3,1,1
Liam Roberts,Millwall,28,0,1,0.99,0,0.0,37,0,0,0
Liam Thompson,Derby County,170,9,12,0.67,1,0.06,759,29,21,15
Liam Walsh,Luton Town,173,23,44,2.81,1,0.06,880,21,16,9
Lincoln,Hull City,43,3,10,2.14,1,0.21,227,14,6,4
Louie Barry,Hull City,24,3,2,1.09,0,0.0,87,11,2,4
Louie Sibley,Oxford United,9,5,6,3.14,0,0.0,71,7,5,3
Luca Koleosho,Burnley,169,29,56,3.01,1,0.05,863,46,44,67
Lucas,Burnley,375,19,62,2.0,4,0.13,2207,39,28,17
Lucas Andersen,QPR,142,19,37,2.86,3,0.23,627,27,30,16
Lucien Mahovo,Norwich City,46,4,13,2.23,1,0.17,464,10,3,5
Luis Binks,Coventry City,236,8,27,1.31,5,0.24,1625,9,2,0
Lukas Engel,Middlesbrough,70,8,15,3.67,0,0.0,337,9,1,2
Lukas Jensen,Millwall,635,0,8,0.2,1,0.02,1226,1,0,0
Luke Ayling,Middlesbrough,270,14,53,2.45,6,0.28,1826,18,11,12
Luke Cundle,Millwall,65,6,23,2.11,2,0.18,401,23,12,12
Luke McNally,Bristol City,263,29,18,0.7,2,0.08,1490,8,5,2
Luke McNally,Burnley,1,0,0,0.0,0,0.0,4,1,0,0
Luke O'Nien,Sunderland,384,16,51,1.17,1,0.02,3217,23,14,3
Lyle Foster,Burnley,101,39,38,2.15,8,0.45,636,48,28,24
Lynden Gooch,Stoke City,177,8,13,1.13,1,0.09,588,19,19,15
Lyndon Dykes,QPR,3,1,0,0.0,0,0.0,7,0,0,0
Macaulay Langstaff,Millwall,63,25,13,0.84,2,0.13,308,42,22,7
Mads Frøkjær-Jensen,Preston,291,22,77,2.93,7,0.27,1320,40,18,32
Mads Juel Andersen,Luton Town,42,3,5,1.1,0,0.0,227,1,2,1
Makhtar Gueye,Blackburn,244,62,46,1.89,10,0.41,918,101,45,30
Maksym Talovierov,Plymouth Argyle,86,3,2,0.19,2,0.19,481,6,0,1
Malachi Boateng,Plymouth Argyle,31,3,3,1.36,0,0.0,141,3,2,0
Malachi Fagan-Walcott,Cardiff City,1,0,0,0.0,0,0.0,12,0,0,0
Malcolm Ebiowei,Oxford United,6,3,3,3.97,0,0.0,35,5,3,4
Mamadou Doumbia,Watford,46,16,18,1.68,4,0.37,266,35,13,7
Manor Solomon,Leeds United,221,60,147,5.11,22,0.76,1430,59,30,59
Marcelino Núñez,Norwich City,319,56,89,3.57,9,0.36,1942,40,23,20
Marcus Edwards,Burnley,82,18,43,4.13,5,0.48,492,21,27,22
Marcus Forss,Middlesbrough,46,24,20,2.7,1,0.13,222,8,4,6
Marcus Harness,Derby County,282,36,55,2.1,7,0.27,1047,60,46,20
Marcus McGuane,Bristol City,60,7,11,0.93,0,0.0,619,8,12,7
Mark Harris,Oxford United,120,39,35,1.09,4,0.12,708,91,31,31
Mark McGuinness,Luton Town,398,47,35,0.84,5,0.12,2136,20,5,2
Mark O'Mahony,Portsmouth,34,10,6,0.91,0,0.0,133,16,7,1
Mark Sykes,Bristol City,222,22,40,2.11,7,0.37,969,27,21,22
Mark Travers,Middlesbrough,195,0,0,0.0,0,0.0,588,1,0,0
Marlon Pack,Portsmouth,371,13,60,1.99,5,0.17,1840,19,7,5
Marselino Ferdinan,Oxford United,0,0,0,0.0,0,0.0,6,0,0,0
Marvelous Nakamba,Luton Town,85,2,10,0.69,1,0.07,603,10,7,5
Marvin Johnson,Sheffield Weds,491,28,84,2.71,8,0.26,1880,39,17,28
Marvin Mehlem,Hull City,58,12,29,2.89,4,0.4,350,23,11,9
Mason Burstow,Hull City,89,29,22,2.08,1,0.09,485,39,26,22
Mason Holgate,West Brom,172,8,24,1.09,1,0.05,1489,8,6,3
Mateo Joseph,Leeds United,65,39,33,2.31,5,0.35,458,43,35,18
Matt Crooks,Hull City,66,13,16,1.83,2,0.23,376,12,6,6
Matt Grimes,Coventry City,139,8,44,2.9,2,0.13,1231,6,5,9
Matt Grimes,Swansea City,325,19,80,2.76,8,0.28,2887,29,18,9
Matt Ingram,Oxford United,14,0,0,0.0,0,0.0,42,0,0,0
Matt Phillips,Oxford United,111,7,16,1.51,3,0.28,427,38,10,22
Matt Ritchie,Portsmouth,322,41,86,3.52,2,0.08,1085,25,18,18
Matthew Clarke,Derby County,189,11,16,1.05,1,0.07,824,8,3,0
Matthew Clarke,Middlesbrough,100,7,5,0.4,0,0.0,978,9,2,1
Matthew Pollock,Watford,509,27,50,1.18,10,0.24,3257,17,5,1
Matthew Sorinola,Plymouth Argyle,272,2,27,1.45,3,0.16,939,32,9,12
Matty Jacob,Hull City,82,6,8,1.61,0,0.0,365,6,3,1
Matěj Jurásek,Norwich City,18,0,1,1.08,0,0.0,39,3,0,1
Max Bird,Bristol City,404,43,137,3.54,17,0.44,2052,44,40,20
Max Lowe,Sheffield Weds,285,2,23,0.77,1,0.03,1802,18,10,10
Max O'Leary,Bristol City,584,0,6,0.13,0,0.0,1541,0,0,0
Maxime Estève,Burnley,300,7,25,0.55,1,0.02,3535,27,8,2
Maximilian Wöber,Leeds United,57,11,11,2.95,2,0.54,272,7,0,2
Micah Hamilton,Middlesbrough,21,5,7,2.0,0,0.0,201,4,2,10
Michael Adu-Poku,Watford,1,0,0,0.0,0,0.0,1,0,0,0
Michael Baidoo,Plymouth Argyle,37,1,8,1.59,0,0.0,153,14,9,2
Michael Cooper,Sheffield Utd,450,0,5,0.12,1,0.02,1738,1,0,0
Michael Frey,QPR,149,42,42,2.12,2,0.1,633,71,26,11
Michael Ihiekwe,Sheffield Weds,145,22,14,0.69,1,0.05,1197,11,3,1
Michael Johnston,West Brom,216,62,114,4.95,12,0.52,1271,47,33,78
Michael Obafemi,Plymouth Argyle,56,15,18,1.36,1,0.08,338,46,18,14
Michael Reindorf,Cardiff City,3,1,2,3.46,0,0.0,18,2,2,1
Michael Rose,Stoke City,90,3,7,0.49,0,0.0,891,5,0,0
Michael Smith,Sheffield Weds,195,59,57,2.79,10,0.49,710,38,22,11
Michał Helik,Oxford United,165,19,19,0.95,2,0.1,1091,9,1,2
Mihailo Ivanović,Millwall,195,51,36,1.49,3,0.12,693,67,38,19
Milan Aleksić,Sunderland,37,6,7,2.18,0,0.0,158,12,2,12
Milan van Ewijk,Coventry City,547,29,109,2.45,7,0.16,2812,73,27,48
Mileta Rajovic,Watford,2,2,1,1.96,0,0.0,15,1,0,1
Millenic Alli,Luton Town,87,22,22,2.59,3,0.35,353,27,28,15
Million Manhoef,Stoke City,233,73,106,3.94,11,0.41,1047,80,40,80
Milutin Osmajić,Preston,68,43,22,1.03,5,0.23,429,73,28,17
Mohammed Lawal,Stoke City,23,1,2,0.87,0,0.0,101,8,5,0
Morgan Fox,QPR,160,5,12,0.8,0,0.0,945,3,0,2
Morgan Whittaker,Middlesbrough,79,32,32,2.91,1,0.09,560,31,21,25
Morgan Whittaker,Plymouth Argyle,156,54,41,2.11,3,0.15,779,46,25,44
Moussa Sissoko,Watford,221,23,62,1.93,4,0.12,1371,50,13,25
Muhamed Tijani,Plymouth Argyle,55,6,7,1.41,0,0.0,155,19,8,3
Murray Wallace,Millwall,87,5,3,0.37,0,0.0,440,3,0,2
Mustapha Bundu,Plymouth Argyle,201,35,63,2.46,8,0.31,862,65,28,35
Myles Peart-Harris,Swansea City,161,24,37,2.0,5,0.27,751,54,33,26
Nahki Wells,Bristol City,161,55,51,2.24,9,0.39,765,64,25,26
Nathan Lowe,Stoke City,27,6,7,1.34,1,0.19,134,15,4,4
Nathan Redmond,Burnley,2,0,1,6.0,1,6.0,9,0,0,0
Nathan Simpson,Middlesbrough,2,0,0,0.0,0,0.0,2,0,0,0
Nathan Tjoe-A-On,Swansea City,1,0,0,0.0,0,0.0,7,0,0,0
Nathanael Ogbeta,Plymouth Argyle,68,4,8,1.15,1,0.14,357,6,4,1
Nathaniel Chalobah,Sheffield Weds,48,6,6,1.22,1,0.2,307,8,6,2
Nathaniel Mendez-Laing,Derby County,290,40,95,4.07,10,0.43,1110,44,15,34
Nathaniel Phillips,Derby County,231,25,21,0.85,3,0.12,1252,18,3,2
Nazariy Rusyn,Sunderland,5,0,1,1.25,0,0.0,24,2,2,3
Nectarios Triantis,Sunderland,1,0,0,0.0,0,0.0,1,0,0,0
Neto Borges,Middlesbrough,267,19,48,1.49,4,0.12,2039,36,19,25
Niall Ennis,Stoke City,12,3,3,1.38,0,0.0,56,9,5,3
Nicolas Madsen,QPR,181,20,65,3.34,6,0.31,852,17,14,13
Nicolas Schmid,Portsmouth,689,0,16,0.47,2,0.06,1359,1,0,0
Nikola Katić,Plymouth Argyle,110,10,4,0.29,1,0.07,630,14,1,0
Nordin Amrabat,Hull City,47,4,14,4.36,1,0.31,167,13,8,6
Norman Bassette,Coventry City,33,18,14,1.39,1,0.1,190,31,18,10
Olaf Kobacki,Sheffield Weds,33,9,8,1.95,0,0.0,171,10,8,10
Ole Romeny,Oxford United,44,5,7,1.07,1,0.15,157,13,12,4
Oliver Arblaster,Sheffield Utd,89,10,36,3.31,2,0.18,710,17,14,9
Oliver Cooper,Swansea City,70,7,24,2.08,2,0.17,425,21,14,12
Oliver Dovin,Coventry City,235,0,2,0.07,0,0.0,1013,2,0,0
Oliver Sonne,Burnley,3,0,1,3.6,0,0.0,23,0,0,0
Ollie Tanner,Cardiff City,166,36,40,2.6,7,0.45,665,30,16,27
Onel Hernández,Norwich City,57,14,22,3.1,4,0.56,259,24,10,19
Oscar Estupiñan,Hull City,8,3,0,0.0,0,0.0,35,5,0,0
Oscar Schwartau,Norwich City,106,22,32,1.84,3,0.17,731,44,23,26
Ousmane Diakité,West Brom,54,8,3,0.31,0,0.0,534,13,9,5
Owen Beck,Blackburn,256,8,39,1.87,4,0.19,1192,37,16,21
Owen Dale,Oxford United,28,6,8,2.05,0,0.0,151,8,7,5
Owen Moxon,Portsmouth,52,4,7,2.3,0,0.0,209,5,7,5
Paddy Lane,Portsmouth,97,13,25,2.1,2,0.17,361,14,16,8
Paddy McNair,West Brom,5,0,0,0.0,0,0.0,73,0,0,0
Pascal Struijk,Leeds United,266,25,42,1.34,8,0.26,3003,15,9,5
Patrick Bamford,Leeds United,23,12,3,1.08,0,0.0,117,14,5,6
Patrick Bauer,Preston,2,0,0,0.0,0,0.0,5,0,0,0
Patrick Roberts,Sunderland,368,76,147,4.03,15,0.41,1855,63,50,86
Paul Nardi,QPR,497,2,4,0.09,0,0.0,1710,0,0,2
Paul Smyth,QPR,324,44,103,3.35,11,0.36,1190,65,53,59
Pelly Ruddock Mpanzu,Luton Town,31,2,6,2.37,1,0.39,119,8,4,2
Perry Ng,Cardiff City,401,25,72,2.32,1,0.03,2043,33,25,24
Peter Kioso,Oxford United,308,6,21,0.82,1,0.04,1438,14,9,9
Pierce Charles,Sheffield Weds,72,0,2,0.25,0,0.0,358,2,0,0
Pierre Dwomoh,Watford,46,6,15,2.55,1,0.17,312,6,5,7
Pol Valentín,Sheffield Weds,193,9,35,2.06,3,0.18,821,31,16,30
Przemysław Płacheta,Oxford United,175,49,45,1.96,6,0.26,885,71,36,52
Raees Bangura-Williams,Millwall,44,8,12,1.77,6,0.89,233,17,13,8
Rami Al Hajj,Plymouth Argyle,98,25,41,2.68,0,0.0,756,43,30,24
Raphael Borges Rodrigues,Coventry City,1,0,0,0.0,0,0.0,6,2,0,0
Rav van den Berg,Middlesbrough,114,4,13,0.55,1,0.04,1719,19,1,1
Rayan Kolli,QPR,64,22,19,2.08,3,0.33,275,27,20,6
Reece Burke,Luton Town,120,7,16,1.69,3,0.32,490,9,1,6
Regan Poole,Portsmouth,211,5,11,0.46,1,0.04,1268,15,2,5
Regan Slater,Hull City,202,40,62,1.88,3,0.09,1226,40,38,18
Reuell Walters,Luton Town,101,2,12,1.1,0,0.0,557,17,15,11
Rhian Brewster,Sheffield Utd,100,37,48,2.78,5,0.29,596,30,22,13
Rhys Norrington-Davies,Sheffield Utd,34,1,4,1.43,0,0.0,190,4,1,1
Riley McGree,Middlesbrough,82,25,37,3.53,6,0.57,562,18,10,15
Rob Holding,Sheffield Utd,37,3,6,1.29,2,0.43,319,3,1,0
Robbie Brady,Preston,337,21,68,3.73,7,0.38,1115,21,10,8
Robert Atkinson,Portsmouth,111,6,13,1.07,3,0.25,632,3,0,3
Robert Dickie,Bristol City,318,22,24,0.69,5,0.14,2401,16,6,1
Rocco Vata,Watford,127,43,39,2.29,8,0.47,657,56,27,55
Romain Esse,Millwall,216,30,70,3.12,4,0.18,924,67,69,66
Romaine Mundle,Sunderland,134,35,63,3.96,4,0.25,752,50,32,54
Ronald,Swansea City,381,51,108,2.59,14,0.34,1919,136,50,121
Ronan Kpakio,Cardiff City,7,1,1,0.83,1,0.83,84,4,0,2
Ronnie Edwards,QPR,145,13,13,0.64,0,0.0,1287,8,3,3
Ross McCrorie,Bristol City,171,23,33,2.01,3,0.18,787,37,23,27
Ruairi Mcconville,Norwich City,20,2,5,2.2,0,0.0,168,2,0,2
Ruben Rodrigues,Oxford United,178,37,70,2.8,6,0.24,968,57,34,29
Rubin Colwill,Cardiff City,245,55,102,3.64,8,0.29,1460,80,58,57
Ryan Andrews,Watford,345,32,36,1.55,6,0.26,1224,39,15,12
Ryan Giles,Hull City,146,5,18,1.79,1,0.1,713,15,5,7
Ryan Giles,Middlesbrough,62,2,5,1.47,0,0.0,252,11,4,2
Ryan Hardie,Plymouth Argyle,102,60,40,1.59,8,0.32,476,35,28,12
Ryan Hedges,Blackburn,281,33,61,2.14,8,0.28,1288,50,32,33
Ryan Ledson,Preston,174,10,25,1.86,1,0.07,596,20,3,4
Ryan Leonard,Millwall,564,12,73,2.5,7,0.24,1771,19,14,4
Ryan Longman,Hull City,54,11,17,3.21,1,0.19,220,13,7,4
Ryan Mmaee,Stoke City,6,1,0,0.0,0,0.0,28,4,1,1
Ryan Nyambe,Derby County,127,0,10,0.8,1,0.08,648,19,8,4
Ryan One,Sheffield Utd,18,7,8,2.46,0,0.0,102,10,4,10
Ryan Porteous,Preston,91,8,10,1.09,0,0.0,556,5,1,1
Ryan Porteous,Watford,182,9,15,0.81,1,0.05,1270,12,6,4
Ryan Wintle,Millwall,47,8,17,2.99,1,0.18,242,5,3,1
Ryley Towler,Portsmouth,72,2,5,0.48,1,0.1,502,6,3,1
Ryo Hatsuse,Sheffield Weds,66,1,3,0.78,0,0.0,232,2,1,2
Sai Sachdev,Sheffield Utd,2,0,0,0.0,0,0.0,4,0,0,0
Salis Abdul Samed,Sunderland,17,0,5,1.59,0,0.0,183,2,0,4
Sam Bell,Bristol City,47,15,22,4.5,2,0.41,215,14,7,6
Sam Byram,Leeds United,178,15,29,1.85,5,0.32,1128,20,6,5
Sam Field,QPR,232,27,35,1.08,3,0.09,1485,39,16,10
Sam Gallagher,Stoke City,99,24,16,1.41,4,0.35,348,36,11,17
Sam Greenwood,Preston,286,69,94,3.49,4,0.15,1108,63,56,33
Sam Long,Oxford United,219,8,20,1.08,2,0.11,1065,20,2,6
Sam McCallum,Sheffield Utd,149,15,20,1.71,1,0.09,699,23,6,6
Sam Silvera,Portsmouth,35,7,10,2.02,0,0.0,199,20,8,7
Sammie Szmodics,Blackburn,0,1,1,3.46,1,3.46,4,0,0,0
Samuel Chambers,Leeds United,0,0,0,0.0,0,0.0,5,1,0,2
Samuel Iling-Junior,Middlesbrough,154,13,38,3.24,1,0.09,760,26,16,30
Samuel Parker,Swansea City,9,2,0,0.0,0,0.0,53,0,3,1
Scott Twine,Bristol City,193,82,109,4.63,7,0.3,1101,48,29,23
Sean McLoughlin,Hull City,415,30,53,1.48,6,0.17,2612,19,11,7
Semi Ajayi,West Brom,115,5,11,0.81,0,0.0,925,5,4,1
Seny Dieng,Middlesbrough,113,0,2,0.12,1,0.06,578,0,0,0
Shandon Baptiste,Luton Town,75,6,23,2.88,1,0.13,441,7,9,10
Shane Duffy,Norwich City,385,36,34,0.76,6,0.13,3894,14,7,4
Shaun Hutchinson,Millwall,42,2,2,0.45,1,0.23,242,2,0,0
Shea Charles,Sheffield Weds,416,29,130,3.22,11,0.27,2447,52,38,35
Shurandy Sambo,Burnley,3,0,0,0.0,0,0.0,14,0,0,0
Simon Moore,Sunderland,37,0,0,0.0,0,0.0,126,1,0,0
Sinclair Armstrong,Bristol City,55,41,33,1.91,5,0.29,396,57,10,18
Siriki Dembélé,Oxford United,106,27,45,2.95,3,0.2,577,53,44,49
Sivert Mannsverk,Cardiff City,129,9,27,2.42,2,0.18,608,13,12,6
Sol Sidibé,Stoke City,31,0,9,2.65,1,0.29,159,2,4,0
Solomon Brynn,Middlesbrough,31,0,1,0.18,0,0.0,183,0,0,0
Sondre Langås,Derby County,132,4,7,0.56,1,0.08,639,12,1,1
Sondre Tronstad,Blackburn,199,20,62,1.78,6,0.17,1961,34,16,12
Sonny Bradley,Derby County,24,1,1,0.3,0,0.0,157,3,1,0
Stanley Mills,Oxford United,60,11,11,2.78,1,0.25,188,9,9,6
Stefán Þórðarson,Preston,245,32,70,2.52,6,0.22,1270,23,26,19
Steve Cook,QPR,334,19,26,0.89,1,0.03,1757,11,2,0
Steven Alzate,Hull City,178,15,42,1.95,4,0.19,1364,27,17,9
Stuart Armstrong,Sheffield Weds,48,13,25,4.2,1,0.17,322,8,6,9
Svante Ingelsson,Sheffield Weds,215,23,49,2.61,10,0.53,789,34,20,12
Sydie Peck,Sheffield Utd,339,39,73,2.25,6,0.18,2075,37,31,22
Tahith Chong,Luton Town,158,28,57,2.53,3,0.13,875,45,29,44
Tamer Bani Odeh,West Brom,7,3,3,5.09,1,1.7,39,3,2,1
Tanatswa Nyakuhwa,Cardiff City,4,0,0,0.0,0,0.0,15,0,0,0
Tatsuhiro Sakamoto,Coventry City,220,34,76,2.65,9,0.31,1150,53,32,33
Tatsuki Seko,Stoke City,172,9,30,1.69,3,0.17,1052,20,12,14
Tawanda Chirewa,Derby County,11,2,4,2.42,0,0.0,76,9,2,3
Teden Mengi,Luton Town,173,15,14,0.8,1,0.06,931,12,6,0
Tegan Finn,Plymouth Argyle,12,1,0,0.0,0,0.0,48,5,2,1
Terry Devlin,Portsmouth,280,8,22,1.27,3,0.17,994,25,9,16
Thelo Aasgaard,Luton Town,127,38,39,2.32,1,0.06,692,43,30,24
Theo Carroll,Preston,2,0,0,0.0,0,0.0,10,0,0,0
Thomas Cannon,Sheffield Utd,26,21,11,1.45,2,0.26,150,16,10,3
Thomas Cannon,Stoke City,113,52,32,1.55,3,0.15,454,27,13,16
Thomas Kaminski,Luton Town,702,0,19,0.43,1,0.02,1664,2,0,1
Thomas Waddingham,Portsmouth,1,4,2,1.75,1,0.87,29,4,4,3
Todd Cantwell,Blackburn,334,34,103,3.74,12,0.44,1690,83,59,39
Tom Barkhuizen,Derby County,47,5,7,1.56,1,0.22,232,15,5,10
Tom Bradshaw,Millwall,18,14,5,1.0,0,0.0,102,7,3,2
Tom Bradshaw,Oxford United,22,7,8,2.01,0,0.0,107,8,3,2
Tom Davies,Sheffield Utd,49,10,16,2.14,5,0.67,457,11,8,9
Tom Dele-Bashiru,Watford,97,22,36,1.57,2,0.09,1293,29,22,20
Tom Fellows,West Brom,171,43,102,3.2,18,0.56,1101,73,41,52
Tom Glover,Middlesbrough,79,0,1,0.16,0,0.0,251,0,0,0
Tom Holmes,Luton Town,140,10,14,0.96,1,0.07,845,11,1,4
Tom Ince,Watford,85,15,27,1.89,1,0.07,556,25,12,10
Tom Krauß,Luton Town,152,16,37,2.08,5,0.28,852,32,14,7
Tom Leahy,Millwall,0,0,0,0.0,0,0.0,1,1,0,0
Tom McIntyre,Portsmouth,117,4,4,0.35,1,0.09,595,5,3,1
Tom Watson,Sunderland,91,26,36,3.64,0,0.0,441,23,23,22
Tommy Conway,Middlesbrough,82,54,65,2.48,7,0.27,726,40,28,26
Torbjørn Heggem,West Brom,323,27,33,0.74,2,0.04,2993,25,14,13
Trai Hume,Sunderland,581,29,102,2.41,11,0.26,2959,44,13,19
Tristan Crama,Millwall,320,10,23,1.27,2,0.11,1063,23,12,10
Tyler Goodhram,Oxford United,281,50,114,3.36,14,0.41,1484,72,51,77
Tymoteusz Puchacz,Plymouth Argyle,215,3,22,1.76,2,0.16,727,19,14,19
Tyrell Sellars-Fleming,Hull City,0,1,2,22.5,0,0.0,9,1,0,1
Tyrese Campbell,Sheffield Utd,79,47,42,2.39,8,0.46,452,41,17,17
Tyrese Fornah,Derby County,1,0,0,0.0,0,0.0,3,0,0,0
Tyrhys Dolan,Blackburn,242,50,99,2.81,17,0.48,1508,90,65,94
Uroš Račić,West Brom,85,21,23,2.26,3,0.29,572,12,13,5
Vakoun Bayo,Watford,103,59,25,1.0,3,0.12,682,92,21,19
Vicente Reyes,Norwich City,15,0,0,0.0,0,0.0,78,0,0,0
Victor Moses,Luton Town,183,12,23,1.82,0,0.0,658,17,14,23
Victor Pálsson,Plymouth Argyle,198,4,9,0.47,1,0.05,957,7,1,0
Victor Torp,Coventry City,289,49,83,3.55,6,0.26,1372,33,25,8
Viktor Johansson,Stoke City,546,0,8,0.17,0,0.0,1843,2,0,0
Vinicius Souza,Sheffield Utd,201,15,54,1.74,8,0.26,1921,35,35,12
Vitinho,Burnley,19,4,6,2.31,1,0.38,100,2,1,6
Václav Hladký,Burnley,6,0,0,0.0,0,0.0,40,0,0,0
Wes Harding,Millwall,46,0,0,0.0,0,0.0,127,3,3,3
Wilfried Gnonto,Leeds United,216,82,108,4.27,10,0.4,1283,39,48,46
Wilfried Kanga,Cardiff City,23,10,7,1.38,1,0.2,103,5,5,4
Will Alves,Cardiff City,38,13,28,3.77,4,0.54,240,18,13,11
Will Fish,Cardiff City,106,10,12,0.78,2,0.13,736,9,2,3
Will Goodwin,Oxford United,3,0,1,3.91,0,0.0,6,0,0,1
Will Keane,Preston,56,14,13,1.04,1,0.08,382,25,19,5
Will Lankshear,West Brom,18,8,2,0.51,0,0.0,89,13,8,1
Will Norris,Portsmouth,141,0,0,0.0,0,0.0,341,0,0,0
Will Vaulks,Oxford United,624,25,82,2.21,6,0.16,2380,24,15,7
William Jarvis,Hull City,7,2,7,3.91,0,0.0,93,4,7,4
Wilson Isidor,Sunderland,110,93,57,1.65,9,0.26,640,61,30,35
Wilson Odobert,Burnley,1,3,3,3.03,1,1.01,35,1,4,4
Wout Weghorst,Burnley,1,0,0,0.0,0,0.0,6,0,0,1
Wouter Burger,Stoke City,356,25,57,1.71,7,0.21,1802,42,27,7
Xavier Simons,Hull City,72,16,20,1.49,0,0.0,619,9,6,1
Yakou Méïte,Cardiff City,95,45,28,2.1,0,0.0,370,39,24,13
Yan Valery,Sheffield Weds,339,20,50,1.43,6,0.17,1713,42,49,49
Yang Minhyeok,QPR,43,18,18,2.34,3,0.39,275,20,16,13
Yasser Larouci,Watford,278,22,68,2.87,6,0.25,1450,38,15,36
Yousef Salech,Cardiff City,158,44,24,1.69,5,0.35,447,29,21,8
Yu Hirakawa,Bristol City,148,29,61,3.32,6,0.33,835,46,21,30
Yuki Ohashi,Blackburn,165,53,35,1.42,5,0.2,805,86,45,31
Yuri Ribeiro,Blackburn,246,8,22,1.47,2,0.13,1089,19,10,8
Zack Nelson,Luton Town,48,8,32,3.61,1,0.11,387,7,10,15
Zak Sturge,Millwall,39,1,1,0.3,0,0.0,172,3,4,3
Zak Swanson,Portsmouth,290,9,33,1.51,3,0.14,1196,18,3,11
Zak Vyner,Bristol City,645,15,51,1.11,4,0.09,3404,10,5,1
Zavier Massiah,Watford,5,0,2,3.1,0,0.0,24,2,0,0
Zeki Amdouni,Burnley,3,1,1,2.57,1,2.57,29,2,0,2
Zian Flemming,Burnley,126,79,45,1.67,9,0.33,676,59,24,16
Óscar Zambrano,Hull City,20,7,13,2.99,1,0.23,197,8,3,1
Žan Celar,QPR,36,26,18,1.72,0,0.0,210,24,10,3
Žan Vipotnik,Swansea City,82,56,28,1.21,2,0.09,442,39,8,8
